CODIGO;NOME;PALETE;LASTRO;CAIXA
19321;GUARANA ANTARCTICA ZERO PET 200ML SH C/12 (GCAZERO 200);400;40;12
18267;SODA LIMONADA ANTARCTICA PET 200ML SH C/12 (SLA 200);400;40;12
18268;SUKITA PET 200ML SH C/12 (SUK 200);400;40;12
20178;PEPSI TWIST PET 200ML SH C/12 (PC TW 200);400;40;12
4293;PEPSI BLACK PET 200ML SH C/12 (PC BLACK 200);400;40;12
18266;PEPSI COLA PET 200ML SH C/12 (PC 200);400;40;12
18137;GUARANA CHP ANTARCTICA PET 3L C/04 SHRINK LISO (GCA 3L);80;20;4
18341;PEPSI COLA PET 3000 ML C/04 SHRINK LISO . (PC 3L);80;20;4
8791;H2OH LIMAO C/GAS PET 500ML CAIXA C/12 (H2OH LIM 500);168;24;12
11102;H2OH CITRUS C/GAS PET 500ML SHRINK C/12 NPAL (H2OH CIT 500);168;24;12
13061;H2OH LIMONETO PET 500ML SHRINK C/12 NPAL (H2OH LIMONETO 500);168;24;12
8919;GUARANA CHP ANTARCTICA PET 600ML CX12 NPAL (GCA 600);144;18;12
8921;GUARANA CHP ANTARCTICA DIET PET 600ML CX12 NPAL (GCAD 600);144;18;12
33167;PEPSI BLACK PET 600ML SH C/12 NPAL (PC BLACK 600);144;18;12
8923;PEPSI COLA PET 600ML CX12 NPAL (PC 600);144;18;12
8931;SUKITA PET 600ML CX12 NPAL (SUK 600);144;18;12
5943;AGUA MIN FONTE DA ILHAC/GAS PET 2L CAIXA C/6 SHRINK DECORADO (AGUA C/G 2L);100;20;6
8432;AGUA MIN CLUB AGUA S/GAS PET 500ML CAIXA C/12 (AGUA S/G 500);175;25;12
8434;AGUA MIN CLUB AGUA C/GAS PET 500ML CAIXA C/12 (AGUA C/G 500);175;25;12
8436;AGUA MIN CLUB AGUA S/GAS PET 1,5L CAIXA C/6 (AGUA S/G 1,5);125;25;6
13015;FONTE DA ILHA AGUA M SG PET 300 ML CAIXA C/ 12 (AGUA 300 SEM GAS);182;26;12
13017;FONTE DA ILHA AGUA M CG PET 300 ML CAIXA C/ 12 (AGUA 300 COM GAS);182;26;12
15414;FONTE DA ILHA AGUA M SG PET 500ML CX C-12 PREMIUM (AG S/G PREM);140;20;12
15416;FONTE DA ILHA AGUA M CG PET 500ML CX C-12 PREMIUM (AG C/G PREM);140;20;12
18750;PATAGONIA BOH PILS NACIONAL ONE WAY 740ML CX6 (PATAG 740 BOH PILS);140;28;6
18752;PATAGONIA WEISSE NACIONAL ONE WAY 740ML CX6 (PATAG 740 WEISSE);140;28;6
18772;PATAGONIA AMB LAG NACIONAL ONE WAY 740ML CX6 (PATAG 740 AMB LAG);140;28;6
23220;PATAGONIA IPA ONE WAY 740ML CX6 (PATAG 740 IPA);140;28;6
13196;SKOL ONE WAY 300ML CX C/23 (SK LITRINHO OW C23);90;10;23
13194;BRAHMA CHOPP ONE WAY 300ML CX C/23 (BC OW LITRINHO C23);90;10;23
13201;BRAHMA CHOPP GFA VD 300ML CX C/23 (BC LITRINHO RET);90;10;23
20217;ORIGINAL GFA VD 300ML CX C/23 (ORIG LITRINHO);90;10;23
29703;BUDWEISER GFA VD 300ML CX C/23 (BUD LITRINHO);90;10;23
14340;ORIGINAL ONE WAY 300ML CXPAP12 (ORIG LITRINHO OW);90;10;23
13205;SKOL GFA VD 300ML CX C/23 (SK LITRINHO RET);90;10;23
13578;BRAHMA CHOPP ZERO GFA VD 300ML CX C/23 (BC ZERO LITRINHO RET);90;10;23
982;SKOL 600ML (SK 600);84;14;12
988;BRAHMA CHOPP 600ML (BC 600);84;14;12
2538;ANTARCTICA PILSEN 600ML (AP 600);84;14;12
2544;EXTRA SERRAMALTE 600ML (SERRAM 600);84;14;12
2545;POLAR EXPORT 600ML (PE 600);84;14;12
2546;ORIGINAL 600ML (ORIG 600);84;14;12
8336;ORIGINAL ONE WAY 600ML CX 12 (ORIG 600 ow);75;15;12
32785;CORONA EXTRA N ONE WAY 600ML GARRAFEIRA C/24 (Corona 600);42;14;24
2548;BUDWEISER 600ML (BUD 600 RGB);84;14;12
14550;COLORADO APPIA ONE WAY 600ML CX C-12 ARTE (CAL APPIA 600);84;14;12
14552;COLORADO INDICA ONE WAY 600ML CX C-12 ARTE (COL INDICA 600);84;14;12
19166;COLORADO LAGER ONE WAY 600ML CX C-12 ARTE (COL LAG 600);84;14;12
20530;STELLA ARTOIS 600 ML (STELLA 600);84;14;12
23186;SPATEN N 600ML (SPATEN 600 RGB C24);84;14;12
21668;SPATEN N ONE WAY 600ML CX C/12 NP ARTE (SPATEN 600 OW);80;16;12
20535;STELLA ARTOIS ONE WAY 600ML CX C/12 NPAL (STELLA 600 OW);80;16;12
20498;BRAHMA DUPLO MALTE LT SLEEK 350ML SH C 12 (BCDM 350);280;28;12
19310;ORIGINAL LATA 350ML CX CARTAO C/12 NPAL (ORI 350);286;22;12
34263;CORONA CERO SUNBREW N LT SLEEK 350ML C 8 CX CARTAO (COR CERO 350 C8);400;40;8
12948;BRAHMA CHOPP ZERO LATA 350ML SH C/12 NPAL (BC ZERO 350);286;22;12
20853;COLORADO LAGER LT SLEEK 350ML C 8 CX CARTAO (COL RIBLAGER 350ML SLK);400;40;8
22177;BUDWEISER ZERO LT SLEEK 350ML C 8 CX CARTAO (BUD 350 SLEEK ZERO);400;40;8
9081;MALZBIER BRAHMA LATA 350ML SH C/12 NPAL (MALZB 350);286;22;12
9083;SKOL LT 473ML SH C/12 NPAL (SK 473);220;22;12
9320;BRAHMA CHOPP LT 473ML SH C/12 NPAL (BC 473);220;22;12
20150;BRAHMA CHOPP LT 473ML SH C/12 NPAL MULTPACK 12 (BC MULTPACK 473);220;22;12
33738;BEATS RED MIX LONG NECK 269ML SIX-PACK SH C/2 (BEATS RED MIX LN);182;26;12
27704;MIKES HARD LEMONADE PITAIA N LONG NECK 275ML SIX PACK SH C/4 (MIKES LN 269 PITAYA);91;13;24
27686;MIKES HARD LEMONADE N LONG NECK 275ML SIX PACK SH C/4 (MIKES LN 269);91;13;24
23449;MIKES HARD LEMONADE N LT 269ML SH C12 NP (MIKES LEMON);91;13;24
23450;MIKES HARD LEMONADE PITAIA N LT 269ML SH C12 NP (MIKES LEM PIT);91;13;24
23451;MIKES HARD LEMONADE TANGERINA N LT 269ML SH C12 NP (MIKES LEM TANG);91;13;24
14138;SKOL BEATS SENSES LATA 473ML SIX-PACK SH C/2 NPAL (BEATS 473);220;22;12
35620;BEATS GREEN MIX LONG NECK 269ML SIX-PACK SH C/4 (BEATS GREEN MIX LN c24);91;13;24
35623;BEATS GREEN MIX LONG NECK 269ML SIX-PACK SH C/2 (BEATS GREEN MIX LN c12);182;26;12
35617;BEATS GREEN MIX LT 269ML SH C/8 (BEATS GREEN MIX 269);520;40;8
32349;BEATS TROPICAL LT 269ML CX CARTAO C/8 NPAL (BEATS TROPICAL 269);520;40;8
32361;BEATS TROPICAL LONG NECK 269ML SIX-PACK SH C/4 (BEATS TROPICAL LONG NECK 269);91;13;24
33734;BEATS RED MIX LT 269ML SH C/8 (BEATS RED MIX 269);520;40;8
31795;BRUTAL FRUIT LONG NECK 275ML SIX PACK SH C 2 (BRUTAL F LN 275);142;26;12
29485;SKOL BEATS CAIPIRINHA LONG NECK 269ML SIX-PACK SH C/4 (SK BEATS CAIPI LONG);91;13;24
28137;SKOL BEATS CAIPIRINHA LT 269ML CX CARTAO C/8 NPAL (SK BEATS CAIPI);520;40;8
13566;SKOL BEATS SENSES LT 269ML CX C/8 FRIDGE PACK (SK SENSES LT269);520;40;8
22003;HALLS CEREJA ENVELOPE 28G CX C/21 (HALLS CEREJA);1650;12;21
22005;HALLS MENTA ENVELOPE 28G CX C/21 (HALLS MENTA);1650;12;21
22007;HALLS EXTRA FORTE ENVELOPE 28G CX C/21 (HALLS E.FORTE);1650;12;21
27179;HALLS MORANGO ENVELOPE 28G CX C/21 (HALLS MORANGO);1650;12;21
27177;HALLS MENTOL ENVELOPE 28G CX C/21 (HALLS MENTOL);1650;12;21
29733;HALLS MELANCIA ENVELOPE 28G CX C/21 (HALLS MELANCIA);1650;12;21
34410;HALLS UVA VERDE ENVELOPE 28G CX C/21 (HALLS UVA VERDE);1650;12;21
34654;FLOPITO PIRULITO CORACAO VERMELHO PCT PLAST 500G (PIRULITO COR VER 500G);45;0;1
34459;FLORESTAL BALA BRAZILIAN COFFEE PCT PLAST 108G (BALA BRAZ COFFEE 108G);140;0;1
34783;FLORESTAL BALA MASTIG MOLE SORT PCT PLAST 100G (BALA MASTIG MOLE 100G);50;0;1
34405;FLORESTAL BALA BRAZILIAN COFFEE PCT PLAST 500G (BALA BRAZ COFFEE 500G);70;0;1
34977;FLOPITO PIRULITO CORACAO VERMELHO PCT 120G (FLOPITO FLORESTAL 120GR);720;0;1
34820;FLORESTAL BALA MENTA PCT PLAST 122G (BALA MENTA 122G);720;0;1
34460;FLORESTAL BALINHA CORAC MORANGO PCT PLAST 108G (BALINHA COR 108GR);140;0;1
34780;FLORESTAL BALA GOMA SININHOS PCT PLAST 150G (BALA GOMA SININHOS 150GR);720;0;1
34782;FLORESTAL BALA GOMA BANANAS PCT PLAST 150G (BALA GOMA BANANAS 150GR);720;0;1
34394;FLORESTAL BALA GOMA BANANAS PCT PLAST 500G (BALA GOMA BANANAS 500G);70;0;1
34393;FLORESTAL BALA GOMA MINHOCAS AZ PCT PLAST 500G (BALA GOMA MINHOCAS AZEDINHAS 500G);70;0;1
34413;FLORESTAL BALA MASTIG MOLE SORT PCT PLAST 500G (BALA MAST MOLE 500G);50;0;1
34416;FLORESTAL BALA MENTA PCT PLAST 500G (BALA MENT PCT 500G);56;0;1
34417;FLORESTAL BALINHA CORAC MORANGO PCT PLAST 500G (BALINHA C MORANGO 500G);70;0;1
34418;FLORESTAL FLOPI BALA FRUIT MIX S AC DISPLAY 480G (BALA FLOPI S/ACUCAR);100;0;1
34411;FLORESTAL FLOPI BALA LARANJA S AC DISPLAY 480G (BALA FLOPI LAR);100;0;1
26099;TRIDENT XFRESH INTENSE ENVELOPE 8G CX21_ (TRIDENT XFR INT);3520;10;21
34298;TRIDENT MORANGO ENVELOPE 8G CX C/21 (TRIDENT MORANGO);3520;10;21
34296;TRIDENT CANELA ENVELOPE 8G CX C/21 (TRIDENT CANELA);3520;10;21
21974;TRIDENT TUTTI-FRUTTI ENVELOPE 8G CX C/21 (TRIDENT TUTTI FRUTTI);3520;10;21
21968;TRIDENT HORTELA ENVELOPE 8G CX C/21 (TRIDENT HORTELA);3520;10;21
21970;TRIDENT MENTA ENVELOPE 8G CX C/21 (TRIDENT MENTA);3520;10;21
21973;TRIDENT MELANCIA ENVELOPE 8G CX C/21 (TRIDENT MELANC);3520;10;21
23672;CERVEGELA PLASTICA BRAHMA 1 UN P/ GFA 600ML CX C/3 (CERVEG. GFA 600 BC);216;3;3
29199;TANG REFRESCO EM PO LARANJA PCT 18G DP C/18 (TANG PO LAR);1920;32;18
29215;TANG REFRESCO EM PO UVA PCT 18G DP C/18 (TANG PO UVA);1920;32;18
29197;TANG REFRESCO EM PO LIMAO PCT 18G DP C/18 (TANG PO LIMAO);1920;32;18
29201;TANG REFRESCO EM PO ABACAXI PCT 18G DP C/18 (TANG PO ABACAXI);1920;32;18
29207;TANG REFRESCO EM PO MORANGO PCT 18G DP C/18 (TANG PO MORANGO);1920;32;18
33641;BALLANTINES 10 YEARS GARRAFA VIDRO 1 L (BALLANTINES 10Y 11);480;0;1
21892;NOVECENTO VINHO ARG MALBEC GFA OW 750ML CX C/6 (VINHO NOVC MALB 750);150;10;6
21894;NOVECENTO VINHO ARG CABERNET SAUVIGNON GFA OW 750ML CX C/6 (VINHO NOVC CAB 750);150;10;6
26993;WHITE HORSE GFA VDR 500ML (WHISKY WHORSE 500ML);768;0;1
36888;SMIRNOFF ICE GREEN APPLE GARRAFA VD 275ML CX C6 (SMIR ICE 275 C/6 GREEN A);312;52;6
36906;SMIRNOFF ICE TROPICAL GARRAFA VD 275ML CX C6 (SMIR ICE 275 C/6 TROPICAL);312;52;6
34669;SMIRNOFF ICE TROPICAL LT 269 ML CX C/24 (SMIRNF LATA ICE TROPICAL);130;13;24
34671;SMIRNOFF ICE GREEN APPLE LT 269 ML CX C/24 (SMIRNF LATA ICE GREEN APPLE);130;13;24
21530;SMIRNOFF ORIGINAL GARRAFA VIDRO 998ML (SMIRNF VDO 998ML);660;0;1
24266;SALTON CHAL. VINHO TINTO SECO GFA VD 750 ML (SAL CHAL TI SEC 750ML);900;0;1
24265;SALTON CHAL. VINHO TINTO SUAVE GFA VD 750 ML (SAL CHAL TI SV 750ML);900;0;1
25342;SALTON ESPUMANTE CLASSIC BRUT GFA VD 750 ML (SAL ESP CLS BRUT 750ML);900;0;1
25343;SALTON ESPUMANTE CLASSIC DEMI SEC GFA VD 750 ML (SAL ESP CLS D SEC 750ML);900;0;1
25345;SALTON ESPUMANTE CLASSIC DEMI SEC ROSE GFA VD 750 ML (SAL ESP CLS D ROSE 750ML);900;0;1
25347;SALTON ESPUMANTE CLASSIC MOSCATEL GFA VD 750 ML (SAL ESP CLS MOSC 750ML);900;0;1
25329;SALTON ESPUMANTE BRUT GFA VD 750 ML (SAL ESP BRUT 750ML);900;0;1
25335;SALTON ESPUMANTE BRUT ROSE GFA VD 750 ML (SAL ESP BRUT ROSE 750ML);900;0;1
25333;SALTON ESPUMANTE MOSCATEL GFA VD 750 ML (SAL ESP MOSC 750ML);900;0;1
25332;SALTON ESPUMAMTE DEMI SEC GFA VD 750 ML (SAL ESP DEMISEC 750ML);900;0;1
29506;SALTON COQ VINHO LUNAE CLERICOT GFA VD 750 ML (SAL LUNAE CLER 750);900;0;1
34192;SALTON VINHO CLASSIC MERLOT GFA VD 750 ML (SAL CLAS MERLOT 750);900;0;1
29507;SALTON VINHO CLASSIC CORTE TINTO SUAVE GFA VD 750 ML (SAL CLAS CORTE TSUAVE 750);900;0;1
34193;SALTON VINHO CLASSIC TANNAT GFA VD 750 ML (SAL CLAS TANNAT);900;0;1
34195;SALTON VINHO LUNAE ROSE GFA VD 750 ML (SAL LUNAE ROSE);900;0;1
36152;SALTON PARAD CAB SAUV/MERLOT TANNAT GFA VD 750 ML (SALT PARAD 750);900;0;1
34198;PRESIDENTE CACHACA GARRAFA VIDRO 900ML (CACHAÇA PRESIDENTE);720;0;1
34197;PRESIDENTE VODKA GARRAFA VIDRO 900ML (VODKA PRESIDENTE);720;0;1
22106;MINI OREO PCT 35G CX C/10 (OREO MINI 35GR);520;5;10
23594;PIRAKIDS BEBIDA LACTEA CHOCOLATE TETRA PAK 200 ML CX C/27 (PIRAKIDS BEB LACT 200ML);180;15;27
31875;PIRACANJUBA WHEY MORANGO TETRAPAK 250ML CX C/12 (PIRAC WHEY MOR 250);256;32;12
31892;PIRACANJUBA B L P W Z L COCO TETRAPAK 250ML CX C/12 (PIRAC WHEY COCO 250);256;32;12
31894;PIRACANJUBA PROTEIN WHEY CHOCOLATE TETRAPAK 250ML CX C/12 (PIRAC WHEY CHOC 250);256;32;12
23246;PIRACANJUBA LEITE CONDENSADO TETRAPAK 395G CX C/27 (PIRAC LCOND TP 395);105;15;27
23256;PIRACANJUBA CREME DE LEITE TETRAPAK 200G CX C/27 (PIRAC CR TP 200);180;15;27
19229;RED BULL BR LATA 250ML SIX PACK NPAL (RB LT 250ML SIX);576;64;6
26607;RED BULL PITAYA LATA 250ML FOUR PACK NPAL (RB LT PITAYA C/4);864;96;4
24306;RED BULL MELANCIA LATA 250ML FOUR PACK NPAL (RB MELANC LT 250ML C4);864;96;4
21666;RED BULL TROPICAL BR LATA 250ML FOUR PACK NPAL (RB LT 250ML C/4);864;96;4
19231;RED BULL SUGAR FREE BR LATA 250ML FOUR PACK NPAL (RB LT 250ML SUGARFREE C/4);864;96;4
19227;RED BULL BR LATA 355ML FOUR PACK (RB LT 355ml c/4);624;78;4
30045;RED BULL BR LATA 473ML CX C 12 (RB 473);154;22;12
32969;RED BULL SUMMER MORANGO E PESSEGO LATA 250ML FOUR PACK NPAL (RB 250 MOR PES);864;96;4
34770;RED BULL SUGAR FREE POMELO LATA 250ML FOUR PACK NPAL (RB 250 POMELO);864;96;4
34420;RED BULL SUMMER MARACUJA E MELAO LATA 250ML FOUR PACK NPAL (RB 250 MELAO MARAC);864;96;4
34429;RED BULL SUGAR FREE AMORA LATA 250ML FOUR PACK NPAL (RB 250 AMORA);864;96;4
34432;RED BULL TROPICAL BR LATA 473ML CX C 12 (RB TROPICAL 473);54;22;12
34126;RED BULL SUGAR FREE BR LATA 355ML FOUR PACK (RB SUGAR FREE 355 C/4);624;78;4
31272;FUSION LT 473ML SH C/12 NPAL (FUSION 473 C12);220;22;12
25700;FUSION PET 2L SHRINK C/6 (FUSION P2);100;20;6
31964;FUSION TROPICAL PET 2L SHRINK C/6 (FUSION TROP P2);100;20;6
31962;FUSION MELANCIA PET 2L SHRINK C/6 (FUSION P2 MELANCIA);100;20;6
32425;FUSION MELANCIA LT 473ML SH C/12 NPAL (FUSION MELANC 473);220;22;12
32427;FUSION TROPICAL LT 473ML SH C/12 NPAL (FUSION TROPICAL 473);220;22;12
13486;FUSION PET 1L SH C/06 (FUSION 1L C/6);150;30;6
7977;GATORADE UVA PET 500ML SIXPACK (GAT UVA 500);294;42;6
7979;GATORADE FRUTAS CITRICAS PET 500ML SIXPACK (GAT FC 500);294;42;6
7980;GATORADE TANGERINA PET 500ML SIXPACK (GAT TANG 500);294;42;6
7981;GATORADE LARANJA PET 500ML SIXPACK (GAT LAR 500);294;42;6
7982;GATORADE LIMAO PET 500ML SIXPACK (GAT LIM 500);294;42;6
29493;GATORADE ZERO CAL LAR LIMA PET 350ML SH C12 (GAT ZCAL LAR LIMA 350);224;28;12
29495;GATORADE ZERO CAL FRUTAS SILV PET 350ML SH C12 (GAT ZCAL FRUT SILV 350);224;28;12
32067;GATORADE BERRY BLUE PET 500ML SIXPACK (GAT BERRY BLUE);294;42;6
7983;GATORADE MORANGO-MARACUJA PET 500ML SIXPACK (GAT MO-MA 500);294;42;6
9084;GUARANA CHP ANTARCTICA LATA 350ML SH C/12 NPAL (GCA 350);286;22;12
9085;GUARANA CHP ANTARCTICA DIET LATA 350ML SH C/12 NPAL (GCAD 350);286;22;12
9089;SUKITA LATA 350ML SH C/12 NPAL (SUK 350);286;22;12
1164;SUKITA UVA LATA 350ML SH C/12 NPAL (SUK UVA 350);286;22;12
9091;TONICA ANTARCTICA LATA 350ML SH C/12 NPAL (TON 350);286;22;12
9092;TONICA ANTARCTICA DIET LATA 350ML SH C/12 NPAL (TON ZERO 350);286;22;12
9087;SODA LIMONADA ANTARCTICA LATA 350ML SH C/12 NPAL (SODA 350);286;22;12
9274;PEPSI ZERO LATA 350ML SH C/12 NPAL (PC ZERO 350);286;22;12
9093;PEPSI TWIST LATA 350ML SH C/12 NPAL (PC TW 350);286;22;12
9096;PEPSI COLA LATA 350ML SH C/12 NPAL (PC 350);286;22;12
11593;PEPSI COLA GFA VD 1L (PEPSI 1L RET);50;10;12
2132;GUARANA CHP ANTARCTICA PET 1L CAIXA C/6 NOVA RIO (GCA PET 1L);175;25;6
11556;GUARANA ANTARCTICA ZERO PET 1L CAIXA C/6 (GCAD PET 1L);175;25;6
7703;PEPSI COLA PET 1L CAIXA C/6 (PEPSI PET 1L);175;25;6
22200;TONICA ANTARCTICA PET 1 L SH C/06 (TON 1L);150;30;6
22202;TONICA ANTARCTICA ZERO PET 1L SH C/06 (TON ZERO 1L);150;30;6
253;SUKITA PET 1L CAIXA C/6 (SUK PET 1L);175;25;6
8411;GUARANA CHP ANTARCTICA PET 1,5 SHRINK C/6 (GCA 1,5);115;23;6
8418;PEPSI COLA PET 1500 CX06 (PEPSI 1,5);115;23;6
8413;GUARANA CHP ANTARCTICA DIET PET 1,5 SHRINK C/6 (GCA ZERO 1,5);115;23;6
28512;PEPSI BLACK PET 1,5 SHRINK C/6 (PEPSI BLACK 1,5);115;23;6
8793;H2OH LIMAO C/GAS PET 1,5L CAIXA C/6 (H2OH LIM 1,5);115;23;6
11103;H2OH CITRUS C/GAS PET 1,5 SHRINK C/06 NPAL (H2OH CIT 1,5);115;23;6
13065;H2OH LIMONETO PET 1,5 SHRINK C/06 NPAL (H2OH LIMONETO 1,5);115;23;6
232;TEEM PET 2L CAIXA C/8 (TEEM 2L);75;15;8
856;SUKITA PET 2L CAIXA C/8 (SUK 2L);75;15;8
930;PEPSI COLA PET 2L CAIXA C/8 (PC 2L);75;15;8
1232;SUKITA UVA PET 2L CAIXA C/8 (SUK UVA 2L);75;15;8
22619;SUKITA LIMAO PET 2L CAIXA C/8 (SUK LIM 2L);75;15;8
26699;GUARANA CHP ANTARCTICA PET 2,25L SH C/6 250ML GRATIS (GUA P2 250 GRATIS);64;16;6
2937;GUARANA CHP ANTARCTICA PET 2L SHRINK C/8 (GCA 2L);75;15;8
2938;GUARANA CHP ANTARCTICA DIET PET 2L SHRINK C/8 (GCAD 2L);75;15;8
2940;SODA LIMONADA ANTARCTICA PET 2L SHRINK C/8 (SODA 2L);75;15;8
5029;PEPSI TWIST PET 2L SHRINK C/8 (PC TW 2L);75;15;8
5753;PEPSI COLA PET 2,25L CAIXA C/6 (PC 2,250 ml);64;16;6
9277;PEPSI ZERO PET 2L SHRINK C/8 (PC BLACK P2);75;15;8
7945;PEPSI COLA PET 2,5L CAIXA C/6 (PC 2,5);64;16;6
7947;GUARANA CHP ANTARCTICA PET 2,5L CAIXA C/6 (GCA 2,5);64;16;6
18152;GUARANA CHP ANTARCTICA PET 200ML SH C/12 (GCA 200);400;40;12
21887;ORLOFF DRY GARRAFA VIDRO 1 L (ORL DRY);576;0;1
22641;PRESIDENTE CONHAQ GARRAFA VIDRO 900ML (CONH PRESID 900ML);720;0;1
21527;TANQUERAY GIN LONDON DRY GARRAFA VIDRO 750ML (TANQUERAY GIN LONDON);180;0;1
22561;JAMESON STD GARRAFA VIDRO 750ML (TANQ GIN LON DRY 750);576;0;1
21778;JOHNNIE WALKER RED LABEL GARRAFA VIDRO 750ML (JW RED 750);720;0;1
29518;JOHNNIE WALKER WHISKY BLONDE GFA VD 750 ML (JW BLONDE 750);720;0;1
21526;JOHNNIE WALKER RED LABEL GARRAFA VIDRO 1 L (JW REDLABEL 1L);576;0;1
33590;JOHNNIE WALKER BLONDE GARRAFA PLAST 50ML PC C12 (JW 50ml PET c/12);100;1;12
21792;WHITE HORSE GARRAFA VIDRO 1 L (WHorse 1L);528;0;1
26994;SMIRNOFF ORIGINAL GFA VDR 600ML (SMIR VODKA 600);900;0;1
32854;SMIRNOFF ICE LT 269 ML CX C/24 (SMIR ICE VODKA lata);130;13;24
21781;SMIRNOFF ICE GARRAFA VD 275ML CX C24 (SMIR ICE 275 CX24);78;13;24
32356;SMIRNOFF ICE GARRAFA VD 275ML CX C6 (SMIR ICE 275 CX6);78;13;24
27825;DOMUS CONHAQUE GARRAFA VIDRO 900ML (Domus 900);720;0;1
28241;CACHACA 51 MEL GFA VD 740ML (51 MEL740ML);600;0;1
30022;51 ICE FRUIT MIX MORANGO + LARANJA GARRAFA VD 275ML CX C6 (ICE 51 FR MIX);512;13;6
30023;51 ICE LIMAO GARRAFA VD 275ML CX C6 (ICE 51 LIM);512;16;6
30029;51 ICE BALADA GARRAFA VD 275ML CX C6 (ICE 51 BALADA);512;16;6
30047;51 ICE MACA VERDE GARRAFA VD 275ML CX C6 (ICE 51 MAÇÃ VERDE);512;16;6
33967;29 SABORES CEREJA GFA PET 490ML CX 12 (29 SAB CER);160;10;12
33971;29 SABORES LIMAO GFA PET 490ML CX 12 (29 SAB LIM);160;10;12
34708;29 SABORES BLUEBERRY GFA PET 490ML CX 12 (29 SAB BLUEB);160;10;12
21533;BLACK STONE GARRAFA VIDRO 1 L (W BLACK STONE 1L);672;0;1
23030;JOHNNIE WALKER BLACK LABEL GARRAFA VIDRO 750ML (JW BLACK 750);768;0;1
23029;JOHNNIE WALKER BLACK LABEL GARRAFA VIDRO 1 L (JW BLACK 1L);585;0;1
32122;SMIRNOFF VODKA N21 GFA PET 1,75L (SMIR RED 1,75L);55;0;1
27001;GORDONS GIN DRY GFA VD 750 ML (GORDONS GIN 750);64;0;1
26992;GILBEYS GIN GFA VIDRO 700ML (GILBEYS GIN 700ML);720;0;1
21532;ROCKS DRY GIN GARRAFA VIDRO 995ML (GIN ROCKS DRY 995ML);660;0;1
22543;ROCKS STRAMBERRY GARRAFA VIDRO 1 L (RIN ROCKS STRAWBERRY 1L);600;0;1
21789;ORLOFF GARRAFA VIDRO 1 L (ORLOFF 1L);576;0;1
24571;ORLOFF VODKA GFA PET 1,75L (ORLOFF 1750ml);60;0;1
21529;ABSOLUT ORIGINAL GARRAFA VIDRO 1 L (ABSOLUT 1L);480;0;1
21779;VELHO BARREIRO GARRAFA VIDRO 910ML (VBARR 910ML);720;0;1
21791;PIRASSUNUNGA 51 GARRAFA VIDRO 965ML (CACH P51 965ML);840;0;1
25220;CACHACA 51 PIRASS OURO DESCARTAVEL GFA DE VDRO 965ML (CACH OURO P51 965ML);720;0;1
22405;BACARDI BIG APPLE GARRAFA VIDRO 980ML (BAC BIGAPPLE 980ML);528;0;1
29654;PASSPORT HONEY LICOR GARRAFA VIDRO 670ML (PASS HONEY);840;0;1
26037;MONTILLA CARTA CRISTAL GFA VDR 1L (MONTILLA CRISTAL);576;0;1
22564;ABSOLUT ORIGINAL GARRAFA VIDRO 750ML (ABSOLUT 750ml);576;0;1
22384;NATASHA GARRAFA VIDRO 900ML (VODKA NATASHA 900ML);672;0;1
21531;RAJSKA ORIGINAL GARRAFA VIDRO 1 L (VODKA RAJSKA 1L);660;0;1
21786;MONTILLA CARTA BRANCA GARRAFA VIDRO 1 L (MONTILLA BRANCA);576;0;1
22830;MONTILLA CARTA OURO GARRAFA VIDRO 1 L (MONTILLA ouro);576;0;1
21886;BEEFEATER LONDON DRY GARRAFA VIDRO 750ML (BEEFEATER);816;0;1
22382;PASSPORT SELECTION GARRAFA VIDRO 1 L (PASSPORT SCOTCH 1L);576;0;1
21955;CHIVAS REGAL 12 ANOS GARRAFA VIDRO 1 L (CHIVAS 1L);384;0;1
23233;NATU NOBILIS APERITIVO GARRAFA VIDRO 1 L (NATU NOBILIS 1 L);540;0;1
21788;BALLANTINES FINEST GARRAFA VIDRO 1 L (BALLANTINES 1 L);480;0;1
20164;SKOL LT 473ML SH C/12 NPAL MULTPACK 12 (SKOL MULTPACK 473);220;22;12
32685;POLAR EXPORT LT 473ML SH C/12 NPAL MULTPACK 12 (POLAR MULTPACK 473);220;22;12
22326;BRAHMA DUPLO MALTE LT 473ML SH C/12 NPAL (BDM 473);220;22;12
9427;ANTARCTICA PILSEN LT 473ML SH C/12 NPAL (AP 473);220;22;12
32683;ANTARCTICA PILSEN LT 473ML SH C/12 NPAL MULTPACK 12 (AP MP 473);220;22;12
9431;POLAR EXPORT LT 473ML SH C/12 NPAL (PE 473);220;22;12
10175;ANTARCTICA SUBZERO LT 473ML SH C/12 NPAL (AP SZ 473);220;22;12
14135;BUDWEISER LATA 473ML SIX-PACK SH C/2 NPAL (BUD 473);220;22;12
26188;STELLA ARTOIS LT 473ML CX CARTAO C/12 (STE 473);220;22;12
32473;STELLA ARTOIS PURE GOLD LT 473ML CX CARTAO C/12 (STE PURE GOLD 473);220;22;12
25837;SPATEN N LT 473ML CX CARTAO C/12 (SPA 473);220;22;12
31856;CORONA EXTRA N LT 473ML CX CARTAO C/12 (COR 473);220;22;12
26462;ORIGINAL LT 473ML CX CARTAO C/12 (ORI 473);220;22;12
33816;ORIGINAL LT 473ML SH C12 NP MULTPACK (ORI MULTPACK 473);220;22;12
23216;PATAGONIA IPA LATA 473ML 6PACK CARTAO (PAT IPA 473);420;42;6
18490;PATAGONIA AMB LAG NACIONAL LATA 473ML 6PACK CARTAO (PAT AMB 473);420;42;6
18764;PATAGONIA BOH PILS NACIONAL LATA 473ML 6PACK CARTAO (PAT BOH P 473);420;42;6
18765;PATAGONIA WEISSE NACIONAL LATA 473ML 6PACK CARTAO (PAT WEI 473);420;42;6
17266;BOHEMIA LT 473ML CX CARTAO C/12 (BOH 473);220;22;12
1388;SKOL GFA VD 1L 2,99 (SK 1L);50;10;12
1695;BRAHMA CHOPP GFA VD 1L COM TTC (BC 1L);50;10;12
22618;BRAHMA CHOPP ONE WAY 1L GRFE CX C/12 (BC 1L OW);50;10;12
20533;BRAHMA DUPLO MALTE GFA VD 1L (BDM 1L);50;10;12
1743;ANTARCTICA PILSEN GFA VD 1L COM TTC (AP 1L);50;10;12
1744;POLAR EXPORT GFA VD 1L COM TTC (PE 1L);50;10;12
29253;ORIGINAL GFA VD 1L (ORI 1L);50;10;12
10530;ANTARCTICA SUBZERO GFA VD 1L (AP SZ 1L);50;10;12
10537;BOHEMIA GFA VD 990ML (BOH 990ml);50;10;12
35331;BUDWEISER GFA VD 1L (BUD 1L NOVA EMB);50;10;12
17757;BECKS N LONG NECK 330ML SIX-PACK SHRINK C/4 (BECKS 330);84;12;24
279;BRAHMA CHOPP LONG NECK 355ML SIX-PACK CAIXA C/4 (BRAHMA LN);84;12;24
371;MALZBIER BRAHMA LONG NECK 355ML SIX-PACK BANDEJA C/4 (MALZ BR 355);84;12;24
21501;COLORADO LAGER LN 355ML CX C/12 (COL LAGER LN 355);84;12;24
18807;STELLA ARTOIS LONG NECK 330ML SIX-PACK SHRINK C/4 (STELLA LN 330);84;12;24
29580;STELLA ARTOIS PURE GOLD LONG NECK 330ML SP SH C/4 (STELLA PURE GOLD LN);84;12;24
30942;SPATEN N LONG NECK 330ML SIX-PACK SHRINK C/4 (SPATEN LN 330ML C/4);84;12;24
17808;BUDWEISER OW 330ML CX C/24 (BUD LN 330);84;12;24
22180;BUDWEISER ZERO LONG NECK 330ML SIX-PACK SHRINK C/4 (BUD ZERO LN);84;12;24
12951;BRAHMA CHOPP ZERO LN 355ML SIXPACK CX CART C/04 (BC ZERO LN);84;12;24
24168;MICHELOB ULTRA N LONG NECK 330ML SIX-PACK SHRINK C/4 (MICH LN);84;12;24
27866;CORONA CERO SUNBREW N LONG NECK 330 ML SP BASKET CX C4 (CORONA LN 330 SUNBR);84;12;24
18836;CORONA EXTRA N LONG NECK 330ML CX C/24 NPAL (CORONA LN 330);84;12;24
18780;CORONITA EXTRA N OW 210ML CX C/4 SIX PACK (CORONITA LN 210);104;13;24
23218;PATAGONIA IPA LN 355ML CX C/12 (PAT IPA LN);132;22;12
17276;PATAGONIA AMB LAG NACIONAL LN 355ML CX C/12 (PATAG AMB LAG LN);132;22;12
17268;PATAGONIA BOH PILS NACIONAL LN 355ML CX C/12 (PATAG BOHPIL LN);132;22;12
17278;PATAGONIA WEISSE NACIONAL LN 355ML CX C/12 (PATAG WE LN);132;22;12
21119;SKOL BEATS GT LT 269ML CX CARTAO C/8 NPAL (SK BEATS GT LT269);520;40;8
23269;SKOL BEATS GT LONG NECK 269ML SIX-PACK SH C/4 (SK BEATS GT LN269 c/24);520;40;8
29974;SKOL BEATS GT LONG NECK 269ML SIX-PACK SH C/2 (SK BEATS GT LN269 c/12);520;40;8
23271;SKOL BEATS SENSES LONG NECK 269ML SIX-PACK SH C/4 (SK BEATS SENS269 COM 24);520;40;8
29991;SKOL BEATS SENSES LONG NECK 269ML SIX-PACK SH C/2 (SK BEATS SENS269 COM 12);520;40;8
